date,hour,rentals,temp,humidity,rainfall,is_weekend,rainfall_log
2018-05-01,0,782,18.3,78,0.0,0,0.0
2018-05-01,1,705,18.3,83,0.0,0,0.0
2018-05-01,2,534,18.2,85,0.0,0,0.0
2018-05-01,3,343,18.1,85,0.0,0,0.0
2018-05-01,4,187,18.0,85,0.0,0,0.0
2018-05-01,5,166,18.0,85,0.0,0,0.0
2018-05-01,6,306,17.8,85,0.0,0,0.0
2018-05-01,7,614,18.0,82,0.0,0,0.0
2018-05-01,8,1067,18.8,76,0.0,0,0.0
2018-05-01,9,1024,20.7,67,0.0,0,0.0
2018-05-01,10,1002,22.2,61,0.0,0,0.0
2018-05-01,11,1117,22.7,63,0.0,0,0.0
2018-05-01,12,1315,22.1,67,0.0,0,0.0
2018-05-01,13,1493,23.0,63,0.0,0,0.0
2018-05-01,14,1536,23.0,64,0.0,0,0.0
2018-05-01,15,1639,23.1,61,0.0,0,0.0
2018-05-01,16,1759,22.6,63,0.0,0,0.0
2018-05-01,17,1898,22.0,65,0.0,0,0.0
2018-05-01,18,2082,21.6,67,0.0,0,0.0
2018-05-01,19,1696,21.2,68,0.0,0,0.0
2018-05-01,20,1656,20.6,72,0.0,0,0.0
2018-05-01,21,1644,20.2,74,0.0,0,0.0
2018-05-01,22,1400,19.9,75,0.0,0,0.0
2018-05-01,23,855,19.8,73,0.0,0,0.0
2018-05-02,0,612,19.7,76,0.0,0,0.0
2018-05-02,1,413,19.6,75,0.0,0,0.0
2018-05-02,2,245,19.0,80,0.0,0,0.0
2018-05-02,3,170,18.5,82,0.0,0,0.0
2018-05-02,4,93,18.4,81,0.0,0,0.0
2018-05-02,5,76,18.4,87,0.4,0,0.336
2018-05-02,6,67,17.9,93,0.1,0,0.095
2018-05-02,7,102,17.6,94,1.0,0,0.693
2018-05-02,8,555,17.5,94,0.0,0,0.0
2018-05-02,9,609,17.4,94,0.0,0,0.0
2018-05-02,10,486,17.7,88,0.0,0,0.0
2018-05-02,11,206,18.0,85,0.0,0,0.0
2018-05-02,12,63,17.3,95,3.5,0,1.504
2018-05-02,13,327,17.2,96,4.0,0,1.609
2018-05-02,14,376,17.5,94,0.0,0,0.0
2018-05-02,15,143,17.0,90,0.0,0,0.0
2018-05-02,16,400,15.4,95,0.5,0,0.405
2018-05-02,17,813,13.9,94,0.0,0,0.0
2018-05-02,18,518,13.6,89,0.0,0,0.0
2018-05-02,19,131,12.6,93,0.0,0,0.0
2018-05-02,20,123,11.1,91,0.5,0,0.405
2018-05-02,21,327,10.5,94,1.0,0,0.693
2018-05-02,22,299,10.4,85,0.0,0,0.0
2018-05-02,23,294,9.5,90,1.0,0,0.693
2018-05-03,0,361,8.7,86,0.0,0,0.0
2018-05-03,1,323,7.9,86,0.0,0,0.0
2018-05-03,2,251,7.3,86,0.0,0,0.0
2018-05-03,3,156,7.0,86,0.0,0,0.0
2018-05-03,4,109,7.0,87,0.0,0,0.0
2018-05-03,5,163,7.0,85,0.0,0,0.0
2018-05-03,6,469,7.9,86,0.0,0,0.0
2018-05-03,7,1160,8.4,83,0.0,0,0.0
2018-05-03,8,1946,10.5,67,0.0,0,0.0
2018-05-03,9,1061,12.8,52,0.0,0,0.0
2018-05-03,10,762,13.8,47,0.0,0,0.0
2018-05-03,11,794,14.7,45,0.0,0,0.0
2018-05-03,12,871,14.1,59,0.0,0,0.0
2018-05-03,13,516,13.4,56,0.1,0,0.095
2018-05-03,14,367,12.7,75,0.4,0,0.336
2018-05-03,15,590,12.2,56,0.5,0,0.405
2018-05-03,16,911,12.8,53,0.0,0,0.0
2018-05-03,17,1421,13.2,49,0.0,0,0.0
2018-05-03,18,2310,13.4,49,0.0,0,0.0
2018-05-03,19,1663,13.3,49,0.0,0,0.0
2018-05-03,20,1401,12.6,47,0.0,0,0.0
2018-05-03,21,1388,11.9,48,0.0,0,0.0
2018-05-03,22,1202,11.2,60,0.0,0,0.0
2018-05-03,23,832,10.6,62,0.0,0,0.0
2018-05-04,0,624,10.0,63,0.0,0,0.0
2018-05-04,1,480,9.7,63,0.0,0,0.0
2018-05-04,2,352,9.6,65,0.0,0,0.0
2018-05-04,3,224,9.6,66,0.0,0,0.0
2018-05-04,4,138,9.5,66,0.0,0,0.0
2018-05-04,5,186,9.2,63,0.0,0,0.0
2018-05-04,6,521,9.0,57,0.0,0,0.0
2018-05-04,7,1260,9.5,55,0.0,0,0.0
2018-05-04,8,2041,11.3,46,0.0,0,0.0
2018-05-04,9,1155,14.1,42,0.0,0,0.0
2018-05-04,10,864,16.1,37,0.0,0,0.0
2018-05-04,11,1021,17.2,35,0.0,0,0.0
2018-05-04,12,1206,17.9,32,0.0,0,0.0
2018-05-04,13,1222,18.9,30,0.0,0,0.0
2018-05-04,14,1266,18.8,31,0.0,0,0.0
2018-05-04,15,1323,19.9,26,0.0,0,0.0
2018-05-04,16,1501,18.6,30,0.0,0,0.0
2018-05-04,17,1857,18.1,30,0.0,0,0.0
2018-05-04,18,2661,17.1,35,0.0,0,0.0
2018-05-04,19,1890,15.5,46,0.0,0,0.0
2018-05-04,20,1389,14.1,46,0.0,0,0.0
2018-05-04,21,1298,13.3,47,0.0,0,0.0
2018-05-04,22,1256,12.7,55,0.0,0,0.0
2018-05-04,23,935,12.4,58,0.0,0,0.0
2018-05-05,0,796,12.2,59,0.0,1,0.0
2018-05-05,1,716,12.1,54,0.0,1,0.0
2018-05-05,2,508,12.1,53,0.0,1,0.0
2018-05-05,3,392,11.6,53,0.0,1,0.0
2018-05-05,4,252,12.1,51,0.0,1,0.0
2018-05-05,5,190,12.2,52,0.0,1,0.0
2018-05-05,6,247,12.3,55,0.0,1,0.0
2018-05-05,7,352,12.9,55,0.0,1,0.0
2018-05-05,8,579,14.4,51,0.0,1,0.0
2018-05-05,9,759,16.1,50,0.0,1,0.0
2018-05-05,10,877,18.1,46,0.0,1,0.0
2018-05-05,11,1024,20.2,41,0.0,1,0.0
2018-05-05,12,1258,21.9,35,0.0,1,0.0
2018-05-05,13,1408,22.7,35,0.0,1,0.0
2018-05-05,14,1669,23.6,34,0.0,1,0.0
2018-05-05,15,1837,23.8,29,0.0,1,0.0
2018-05-05,16,1223,23.2,30,0.0,1,0.0
2018-05-05,17,2014,23.6,29,0.0,1,0.0
2018-05-05,18,1929,22.5,31,0.0,1,0.0
2018-05-05,19,1753,20.7,47,0.0,1,0.0
2018-05-05,20,1562,19.7,53,0.0,1,0.0
2018-05-05,21,1551,19.3,57,0.0,1,0.0
2018-05-05,22,1360,19.1,61,0.0,1,0.0
2018-05-05,23,1097,19.1,62,0.0,1,0.0
2018-05-06,0,733,18.7,64,0.0,1,0.0
2018-05-06,1,181,18.2,71,0.0,1,0.0
2018-05-06,2,74,17.3,82,0.5,1,0.405
2018-05-06,3,43,16.2,94,1.5,1,0.916
2018-05-06,4,16,15.8,93,1.5,1,0.916
2018-05-06,5,11,15.4,96,2.0,1,1.099
2018-05-06,6,7,15.1,97,3.0,1,1.386
2018-05-06,7,16,15.1,97,2.5,1,1.253
2018-05-06,8,16,15.2,97,2.0,1,1.099
2018-05-06,9,12,15.4,97,1.0,1,0.693
2018-05-06,10,13,15.4,97,1.5,1,0.916
2018-05-06,11,10,15.5,97,3.5,1,1.504
2018-05-06,12,71,15.7,96,3.0,1,1.386
2018-05-06,13,211,16.4,94,0.0,1,0.0
2018-05-06,14,384,17.2,85,0.0,1,0.0
2018-05-06,15,770,17.8,77,0.0,1,0.0
2018-05-06,16,1482,19.5,66,0.0,1,0.0
2018-05-06,17,1737,20.2,62,0.0,1,0.0
2018-05-06,18,1848,20.2,66,0.0,1,0.0
2018-05-06,19,1639,19.0,70,0.0,1,0.0
2018-05-06,20,1526,17.6,77,0.0,1,0.0
2018-05-06,21,1450,16.8,79,0.0,1,0.0
2018-05-06,22,1290,16.4,80,0.0,1,0.0
2018-05-06,23,1016,15.9,83,0.0,1,0.0
2018-05-07,0,778,15.5,85,0.0,0,0.0
2018-05-07,1,609,15.1,84,0.0,0,0.0
2018-05-07,2,404,14.8,85,0.0,0,0.0
2018-05-07,3,249,14.7,82,0.0,0,0.0
2018-05-07,4,185,14.4,85,0.0,0,0.0
2018-05-07,5,170,14.2,85,0.0,0,0.0
2018-05-07,6,221,14.0,87,0.0,0,0.0
2018-05-07,7,389,14.2,81,0.0,0,0.0
2018-05-07,8,600,14.8,80,0.0,0,0.0
2018-05-07,9,737,15.9,72,0.0,0,0.0
2018-05-07,10,895,17.5,63,0.0,0,0.0
2018-05-07,11,1167,20.2,45,0.0,0,0.0
2018-05-07,12,1414,22.9,35,0.0,0,0.0
2018-05-07,13,1665,23.7,44,0.0,0,0.0
2018-05-07,14,1970,24.1,42,0.0,0,0.0
2018-05-07,15,2191,24.6,38,0.0,0,0.0
2018-05-07,16,2213,24.5,38,0.0,0,0.0
2018-05-07,17,2392,25.5,31,0.0,0,0.0
2018-05-07,18,2268,25.1,32,0.0,0,0.0
2018-05-07,19,1664,23.5,48,0.0,0,0.0
2018-05-07,20,1912,20.9,61,0.0,0,0.0
2018-05-07,21,1717,19.6,64,0.0,0,0.0
2018-05-07,22,1336,18.6,69,0.0,0,0.0
2018-05-07,23,994,17.5,69,0.0,0,0.0
2018-05-08,0,712,16.4,72,0.0,0,0.0
2018-05-08,1,430,16.0,64,0.0,0,0.0
2018-05-08,2,287,15.5,65,0.0,0,0.0
2018-05-08,3,194,15.6,63,0.0,0,0.0
2018-05-08,4,155,15.4,63,0.0,0,0.0
2018-05-08,5,200,15.0,64,0.0,0,0.0
2018-05-08,6,555,14.8,64,0.0,0,0.0
2018-05-08,7,1280,15.3,60,0.0,0,0.0
2018-05-08,8,1976,16.9,54,0.0,0,0.0
2018-05-08,9,1128,18.5,51,0.0,0,0.0
2018-05-08,10,792,20.0,48,0.0,0,0.0
2018-05-08,11,956,21.0,45,0.0,0,0.0
2018-05-08,12,1135,21.5,44,0.0,0,0.0
2018-05-08,13,1117,21.7,44,0.0,0,0.0
2018-05-08,14,1096,22.2,42,0.0,0,0.0
2018-05-08,15,1267,22.4,39,0.0,0,0.0
2018-05-08,16,1457,22.0,41,0.0,0,0.0
2018-05-08,17,2020,21.7,38,0.0,0,0.0
2018-05-08,18,2142,20.7,40,0.0,0,0.0
2018-05-08,19,2241,17.9,42,0.0,0,0.0
2018-05-08,20,1726,15.8,47,0.0,0,0.0
2018-05-08,21,1513,14.5,49,0.0,0,0.0
2018-05-08,22,1283,13.2,54,0.0,0,0.0
2018-05-08,23,767,12.2,57,0.0,0,0.0
2018-05-09,0,552,11.6,57,0.0,0,0.0
2018-05-09,1,34,11.3,58,0.0,0,0.0
2018-05-09,2,245,10.9,59,0.0,0,0.0
2018-05-09,3,187,10.5,59,0.0,0,0.0
2018-05-09,4,114,10.0,64,0.0,0,0.0
2018-05-09,5,203,9.5,65,0.0,0,0.0
2018-05-09,6,556,9.2,64,0.0,0,0.0
2018-05-09,7,1333,10.0,59,0.0,0,0.0
2018-05-09,8,2068,12.3,53,0.0,0,0.0
2018-05-09,9,928,14.4,46,0.0,0,0.0
2018-05-09,10,954,16.1,43,0.0,0,0.0
2018-05-09,11,1015,17.6,40,0.0,0,0.0
2018-05-09,12,1242,18.7,39,0.0,0,0.0
2018-05-09,13,1188,20.1,36,0.0,0,0.0
2018-05-09,14,1186,20.7,36,0.0,0,0.0
2018-05-09,15,1324,21.2,35,0.0,0,0.0
2018-05-09,16,1603,21.4,35,0.0,0,0.0
2018-05-09,17,2034,21.3,34,0.0,0,0.0
2018-05-09,18,3130,20.6,41,0.0,0,0.0
2018-05-09,19,2405,18.8,47,0.0,0,0.0
2018-05-09,20,1979,17.3,53,0.0,0,0.0
2018-05-09,21,1940,16.4,56,0.0,0,0.0
2018-05-09,22,1602,15.9,60,0.0,0,0.0
2018-05-09,23,1073,15.2,62,0.0,0,0.0
2018-05-10,0,0,14.5,63,0.0,0,0.0
2018-05-10,1,0,13.9,66,0.0,0,0.0
2018-05-10,2,0,13.1,73,0.0,0,0.0
2018-05-10,3,0,12.9,74,0.0,0,0.0
2018-05-10,4,0,12.0,79,0.0,0,0.0
2018-05-10,5,0,11.5,80,0.0,0,0.0
2018-05-10,6,0,11.4,80,0.0,0,0.0
2018-05-10,7,0,12.1,71,0.0,0,0.0
2018-05-10,8,0,13.5,63,0.0,0,0.0
2018-05-10,9,0,15.5,55,0.0,0,0.0
2018-05-10,10,0,17.3,52,0.0,0,0.0
2018-05-10,11,0,18.3,51,0.0,0,0.0
2018-05-10,12,0,19.8,49,0.0,0,0.0
2018-05-10,13,0,20.7,46,0.0,0,0.0
2018-05-10,14,0,21.2,47,0.0,0,0.0
2018-05-10,15,0,20.4,51,0.0,0,0.0
2018-05-10,16,0,19.6,54,0.0,0,0.0
2018-05-10,17,0,19.2,54,0.0,0,0.0
2018-05-10,18,0,18.0,61,0.0,0,0.0
2018-05-10,19,0,15.5,74,0.0,0,0.0
2018-05-10,20,0,13.6,82,0.0,0,0.0
2018-05-10,21,0,12.6,85,0.0,0,0.0
2018-05-10,22,0,12.3,85,0.0,0,0.0
2018-05-10,23,0,12.4,85,0.0,0,0.0
2018-05-11,0,724,12.5,84,0.0,0,0.0
2018-05-11,1,565,12.4,84,0.0,0,0.0
2018-05-11,2,378,12.1,85,0.0,0,0.0
2018-05-11,3,252,12.0,86,0.0,0,0.0
2018-05-11,4,154,11.9,85,0.0,0,0.0
2018-05-11,5,223,11.9,84,0.0,0,0.0
2018-05-11,6,486,12.0,83,0.0,0,0.0
2018-05-11,7,1156,12.4,82,0.0,0,0.0
2018-05-11,8,1881,13.1,78,0.0,0,0.0
2018-05-11,9,850,14.3,72,0.0,0,0.0
2018-05-11,10,816,16.4,64,0.0,0,0.0
2018-05-11,11,972,18.3,56,0.0,0,0.0
2018-05-11,12,1161,20.0,47,0.0,0,0.0
2018-05-11,13,1177,20.8,45,0.0,0,0.0
2018-05-11,14,1174,21.0,47,0.0,0,0.0
2018-05-11,15,1295,19.9,47,0.0,0,0.0
2018-05-11,16,1496,19.1,54,0.0,0,0.0
2018-05-11,17,1863,18.9,45,0.0,0,0.0
2018-05-11,18,2701,17.9,37,0.0,0,0.0
2018-05-11,19,1999,17.1,51,0.0,0,0.0
2018-05-11,20,941,16.7,52,0.0,0,0.0
2018-05-11,21,1644,16.4,52,0.0,0,0.0
2018-05-11,22,1556,16.2,54,0.0,0,0.0
2018-05-11,23,1185,16.2,50,0.0,0,0.0
2018-05-12,0,862,16.1,54,0.0,1,0.0
2018-05-12,1,669,15.9,51,0.0,1,0.0
2018-05-12,2,416,15.5,62,0.0,1,0.0
2018-05-12,3,358,15.2,63,0.0,1,0.0
2018-05-12,4,207,15.0,61,0.0,1,0.0
2018-05-12,5,70,15.0,61,0.0,1,0.0
2018-05-12,6,37,14.4,71,0.4,1,0.336
2018-05-12,7,43,13.3,81,0.1,1,0.095
2018-05-12,8,20,12.0,87,1.0,1,0.693
2018-05-12,9,16,11.8,95,3.0,1,1.386
2018-05-12,10,6,11.8,96,2.5,1,1.253
2018-05-12,11,18,12.0,96,3.5,1,1.504
2018-05-12,12,11,12.3,97,2.0,1,1.099
2018-05-12,13,19,12.6,97,3.0,1,1.386
2018-05-12,14,22,13.0,97,2.0,1,1.099
2018-05-12,15,17,13.3,97,3.0,1,1.386
2018-05-12,16,34,13.8,97,1.5,1,0.916
2018-05-12,17,24,14.3,98,1.5,1,0.916
2018-05-12,18,22,15.4,97,2.0,1,1.099
2018-05-12,19,29,15.5,97,2.0,1,1.099
2018-05-12,20,29,15.7,97,1.0,1,0.693
2018-05-12,21,25,15.8,97,0.5,1,0.405
2018-05-12,22,30,15.8,98,1.5,1,0.916
2018-05-12,23,50,15.8,98,1.0,1,0.693
2018-05-13,0,145,15.5,97,0.5,1,0.405
2018-05-13,1,178,15.1,97,0.2,1,0.182
2018-05-13,2,189,14.5,97,0.1,1,0.095
2018-05-13,3,141,14.2,98,0.2,1,0.182
2018-05-13,4,83,13.8,98,0.0,1,0.0
2018-05-13,5,72,13.5,98,0.0,1,0.0
2018-05-13,6,139,13.5,98,0.0,1,0.0
2018-05-13,7,220,13.7,98,0.0,1,0.0
2018-05-13,8,397,14.1,98,0.0,1,0.0
2018-05-13,9,579,14.8,95,0.0,1,0.0
2018-05-13,10,716,15.2,88,0.0,1,0.0
2018-05-13,11,993,16.4,78,0.0,1,0.0
2018-05-13,12,1434,18.3,65,0.0,1,0.0
2018-05-13,13,1839,19.1,65,0.0,1,0.0
2018-05-13,14,2055,19.7,64,0.0,1,0.0
2018-05-13,15,2329,19.7,63,0.0,1,0.0
2018-05-13,16,2379,19.5,65,0.0,1,0.0
2018-05-13,17,2410,19.4,63,0.0,1,0.0
2018-05-13,18,2338,19.0,66,0.0,1,0.0
2018-05-13,19,2023,17.6,73,0.0,1,0.0
2018-05-13,20,1714,15.6,81,0.0,1,0.0
2018-05-13,21,1571,14.1,86,0.0,1,0.0
2018-05-13,22,1155,13.5,87,0.0,1,0.0
2018-05-13,23,814,13.0,89,0.0,1,0.0
2018-05-14,0,581,12.7,89,0.0,0,0.0
2018-05-14,1,377,12.4,94,0.0,0,0.0
2018-05-14,2,241,12.1,94,0.0,0,0.0
2018-05-14,3,167,11.9,95,0.0,0,0.0
2018-05-14,4,121,11.9,94,0.0,0,0.0
2018-05-14,5,199,11.9,93,0.0,0,0.0
2018-05-14,6,552,12.1,89,0.0,0,0.0
2018-05-14,7,1251,12.6,85,0.0,0,0.0
2018-05-14,8,1997,13.8,79,0.0,0,0.0
2018-05-14,9,1106,15.1,74,0.0,0,0.0
2018-05-14,10,779,16.6,67,0.0,0,0.0
2018-05-14,11,946,18.5,65,0.0,0,0.0
2018-05-14,12,1095,20.0,62,0.0,0,0.0
2018-05-14,13,1051,21.8,59,0.0,0,0.0
2018-05-14,14,1124,23.1,56,0.0,0,0.0
2018-05-14,15,1171,24.0,59,0.0,0,0.0
2018-05-14,16,1433,24.3,54,0.0,0,0.0
2018-05-14,17,1891,24.4,51,0.0,0,0.0
2018-05-14,18,2906,23.6,48,0.0,0,0.0
2018-05-14,19,2236,22.7,56,0.0,0,0.0
2018-05-14,20,1965,21.4,64,0.0,0,0.0
2018-05-14,21,1885,20.5,67,0.0,0,0.0
2018-05-14,22,1648,19.6,71,0.0,0,0.0
2018-05-14,23,1071,18.8,73,0.0,0,0.0
2018-05-15,0,764,18.1,77,0.0,0,0.0
2018-05-15,1,563,17.5,78,0.0,0,0.0
2018-05-15,2,372,17.1,74,0.0,0,0.0
2018-05-15,3,241,16.6,74,0.0,0,0.0
2018-05-15,4,170,16.1,74,0.0,0,0.0
2018-05-15,5,182,15.7,76,0.0,0,0.0
2018-05-15,6,562,15.4,84,0.0,0,0.0
2018-05-15,7,1239,16.2,79,0.0,0,0.0
2018-05-15,8,2059,18.4,68,0.0,0,0.0
2018-05-15,9,1148,20.8,53,0.0,0,0.0
2018-05-15,10,832,22.7,37,0.0,0,0.0
2018-05-15,11,944,24.8,36,0.0,0,0.0
2018-05-15,12,1058,26.3,36,0.0,0,0.0
2018-05-15,13,1080,27.8,34,0.0,0,0.0
2018-05-15,14,1092,28.5,33,0.0,0,0.0
2018-05-15,15,1210,29.1,38,0.0,0,0.0
2018-05-15,16,1458,28.8,37,0.0,0,0.0
2018-05-15,17,1951,28.5,43,0.0,0,0.0
2018-05-15,18,2915,27.5,47,0.0,0,0.0
2018-05-15,19,2248,26.9,49,0.0,0,0.0
2018-05-15,20,1958,26.3,53,0.0,0,0.0
2018-05-15,21,1944,25.6,56,0.0,0,0.0
2018-05-15,22,1640,25.0,59,0.0,0,0.0
2018-05-15,23,848,24.8,60,0.0,0,0.0
2018-05-16,0,662,24.4,63,0.0,0,0.0
2018-05-16,1,502,24.1,67,0.0,0,0.0
2018-05-16,2,145,23.9,69,0.2,0,0.182
2018-05-16,3,166,22.6,89,0.8,0,0.588
2018-05-16,4,124,22.3,86,0.0,0,0.0
2018-05-16,5,52,22.3,87,0.0,0,0.0
2018-05-16,6,135,22.1,94,2.0,0,1.099
2018-05-16,7,367,22.0,95,0.0,0,0.0
2018-05-16,8,291,22.4,93,0.0,0,0.0
2018-05-16,9,97,22.8,93,4.0,0,1.609
2018-05-16,10,81,22.8,95,1.0,0,0.693
2018-05-16,11,243,22.7,93,0.0,0,0.0
2018-05-16,12,59,22.9,87,0.0,0,0.0
2018-05-16,13,151,21.8,97,35.0,0,3.584
2018-05-16,14,248,22.0,96,0.0,0,0.0
2018-05-16,15,240,22.0,96,0.0,0,0.0
2018-05-16,16,223,21.8,97,0.0,0,0.0
2018-05-16,17,304,21.9,97,0.5,0,0.405
2018-05-16,18,562,21.9,97,0.0,0,0.0
2018-05-16,19,404,21.9,97,0.0,0,0.0
2018-05-16,20,338,21.8,97,0.5,0,0.405
2018-05-16,21,398,21.8,97,0.5,0,0.405
2018-05-16,22,399,21.9,97,0.0,0,0.0
2018-05-16,23,225,22.0,97,0.0,0,0.0
2018-05-17,0,118,22.0,97,0.5,0,0.405
2018-05-17,1,144,22.0,97,0.5,0,0.405
2018-05-17,2,78,21.8,97,1.0,0,0.693
2018-05-17,3,38,21.8,98,2.5,0,1.253
2018-05-17,4,51,19.2,98,19.0,0,2.996
2018-05-17,5,54,18.8,97,0.0,0,0.0
2018-05-17,6,69,18.9,98,0.0,0,0.0
2018-05-17,7,80,19.1,98,0.0,0,0.0
2018-05-17,8,152,19.7,98,13.5,0,2.674
2018-05-17,9,28,19.7,98,10.0,0,2.398
2018-05-17,10,141,20.1,98,2.0,0,1.099
2018-05-17,11,182,20.4,98,2.5,0,1.253
2018-05-17,12,467,21.7,96,1.5,0,0.916
2018-05-17,13,592,23.4,83,0.0,0,0.0
2018-05-17,14,352,23.4,81,0.0,0,0.0
2018-05-17,15,186,22.8,95,0.5,0,0.405
2018-05-17,16,102,22.9,95,0.0,0,0.0
2018-05-17,17,131,22.7,96,2.5,0,1.253
2018-05-17,18,431,22.6,97,1.5,0,0.916
2018-05-17,19,29,22.3,96,0.0,0,0.0
2018-05-17,20,17,21.3,97,12.5,0,2.603
2018-05-17,21,18,20.5,97,4.0,0,1.609
2018-05-17,22,26,20.2,98,6.0,0,1.946
2018-05-17,23,35,20.0,98,2.5,0,1.253
2018-05-18,0,129,19.3,97,1.0,0,0.693
2018-05-18,1,116,19.0,97,1.0,0,0.693
2018-05-18,2,48,18.8,98,0.5,0,0.405
2018-05-18,3,47,18.3,98,2.0,0,1.099
2018-05-18,4,22,18.1,98,1.0,0,0.693
2018-05-18,5,29,17.8,98,0.5,0,0.405
2018-05-18,6,77,17.4,98,0.0,0,0.0
2018-05-18,7,210,16.6,98,0.5,0,0.405
2018-05-18,8,400,16.4,98,0.0,0,0.0
2018-05-18,9,427,16.6,98,0.5,0,0.405
2018-05-18,10,454,16.3,97,0.0,0,0.0
2018-05-18,11,352,16.6,96,0.0,0,0.0
2018-05-18,12,185,16.6,96,0.0,0,0.0
2018-05-18,13,509,16.7,93,0.5,0,0.405
2018-05-18,14,697,16.7,88,0.0,0,0.0
2018-05-18,15,906,16.7,85,0.0,0,0.0
2018-05-18,16,1182,17.0,82,0.0,0,0.0
2018-05-18,17,1551,17.2,81,0.0,0,0.0
2018-05-18,18,2261,17.5,79,0.0,0,0.0
2018-05-18,19,1751,17.0,76,0.0,0,0.0
2018-05-18,20,1386,16.2,76,0.0,0,0.0
2018-05-18,21,1263,15.3,73,0.0,0,0.0
2018-05-18,22,1221,14.2,73,0.0,0,0.0
2018-05-18,23,864,13.2,68,0.0,0,0.0
2018-05-19,0,689,12.2,67,0.0,1,0.0
2018-05-19,1,676,11.4,74,0.0,1,0.0
2018-05-19,2,526,11.1,74,0.0,1,0.0
2018-05-19,3,320,10.7,73,0.0,1,0.0
2018-05-19,4,213,10.5,73,0.0,1,0.0
2018-05-19,5,198,10.4,71,0.0,1,0.0
2018-05-19,6,234,10.5,70,0.0,1,0.0
2018-05-19,8,766,13.7,57,0.0,1,0.0
2018-05-19,9,932,15.7,49,0.0,1,0.0
2018-05-19,10,1051,17.2,45,0.0,1,0.0
2018-05-19,11,1290,19.0,44,0.0,1,0.0
2018-05-19,12,1573,20.5,42,0.0,1,0.0
2018-05-19,13,1865,21.9,39,0.0,1,0.0
2018-05-19,14,2128,22.8,39,0.0,1,0.0
2018-05-19,15,2268,23.9,37,0.0,1,0.0
2018-05-19,16,2479,24.5,34,0.0,1,0.0
2018-05-19,17,2355,24.5,35,0.0,1,0.0
2018-05-19,18,2439,24.0,34,0.0,1,0.0
2018-05-19,19,2140,22.6,34,0.0,1,0.0
2018-05-19,20,1872,20.9,34,0.0,1,0.0
2018-05-19,21,1780,19.5,34,0.0,1,0.0
2018-05-19,22,1595,18.4,34,0.0,1,0.0
2018-05-19,23,1169,17.1,37,0.0,1,0.0
2018-05-20,0,986,15.8,41,0.0,1,0.0
2018-05-20,1,713,14.7,43,0.0,1,0.0
2018-05-20,2,473,13.9,43,0.0,1,0.0
2018-05-20,3,347,13.5,41,0.0,1,0.0
2018-05-20,4,205,12.8,44,0.0,1,0.0
2018-05-20,5,160,12.1,47,0.0,1,0.0
2018-05-20,6,190,11.6,46,0.0,1,0.0
2018-05-20,7,341,12.3,43,0.0,1,0.0
2018-05-20,8,524,14.1,38,0.0,1,0.0
2018-05-20,9,676,16.0,34,0.0,1,0.0
2018-05-20,10,899,17.0,37,0.0,1,0.0
2018-05-20,11,1013,18.7,30,0.0,1,0.0
2018-05-20,12,1313,18.8,31,0.0,1,0.0
2018-05-20,13,1559,19.9,33,0.0,1,0.0
2018-05-20,14,1680,20.3,30,0.0,1,0.0
2018-05-20,15,1999,21.0,28,0.0,1,0.0
2018-05-20,16,2143,22.2,23,0.0,1,0.0
2018-05-20,17,2310,22.4,23,0.0,1,0.0
2018-05-20,18,2403,22.2,22,0.0,1,0.0
2018-05-20,19,2145,20.8,24,0.0,1,0.0
2018-05-20,20,1846,19.0,26,0.0,1,0.0
2018-05-20,21,1636,17.8,26,0.0,1,0.0
2018-05-20,22,1325,16.8,29,0.0,1,0.0
2018-05-20,23,943,15.8,30,0.0,1,0.0
2018-05-21,0,666,15.3,29,0.0,0,0.0
2018-05-21,1,420,14.5,31,0.0,0,0.0
2018-05-21,8,1785,15.3,30,0.0,0,0.0
2018-05-21,9,1118,17.7,27,0.0,0,0.0
2018-05-21,10,962,19.3,27,0.0,0,0.0
2018-05-21,11,1129,20.9,27,0.0,0,0.0
2018-05-21,12,1373,21.8,31,0.0,0,0.0
2018-05-21,13,1456,22.8,31,0.0,0,0.0
2018-05-21,14,1483,23.4,36,0.0,0,0.0
2018-05-21,15,1612,23.3,38,0.0,0,0.0
2018-05-21,16,1820,22.7,42,0.0,0,0.0
2018-05-21,17,2214,22.2,45,0.0,0,0.0
2018-05-21,18,3069,21.6,48,0.0,0,0.0
2018-05-21,19,2450,19.5,56,0.0,0,0.0
2018-05-21,20,2167,18.4,59,0.0,0,0.0
2018-05-21,21,2065,17.7,63,0.0,0,0.0
2018-05-21,22,1832,16.9,65,0.0,0,0.0
2018-05-21,23,1273,16.3,70,0.0,0,0.0
2018-05-22,0,957,16.0,71,0.0,0,0.0
2018-05-22,1,810,15.9,71,0.0,0,0.0
2018-05-22,2,590,15.7,74,0.0,0,0.0
2018-05-22,7,443,16.3,69,0.0,0,0.0
2018-05-22,8,694,18.2,63,0.0,0,0.0
2018-05-22,9,912,19.3,62,0.0,0,0.0
2018-05-22,10,1119,20.7,55,0.0,0,0.0
2018-05-22,11,1438,21.9,55,0.0,0,0.0
2018-05-22,12,1798,22.9,51,0.0,0,0.0
2018-05-22,13,2000,22.7,52,0.0,0,0.0
2018-05-22,14,1407,22.8,53,0.0,0,0.0
2018-05-22,15,163,21.1,72,0.1,0,0.095
2018-05-22,16,86,19.5,80,0.4,0,0.336
2018-05-22,17,50,18.6,84,1.0,0,0.693
2018-05-22,18,30,17.9,93,2.0,0,1.099
2018-05-22,19,45,17.6,93,1.5,0,0.916
2018-05-22,20,30,17.2,85,0.5,0,0.405
2018-05-22,21,58,17.0,85,0.5,0,0.405
2018-05-22,22,29,16.8,87,0.5,0,0.405
2018-05-22,23,18,16.3,96,2.5,0,1.253
2018-05-23,0,32,15.8,97,3.5,0,1.504
2018-05-23,1,25,15.3,97,3.0,0,1.386
2018-05-23,2,34,15.0,97,3.0,0,1.386
2018-05-23,3,43,14.9,96,0.5,0,0.405
2018-05-23,4,59,15.0,97,0.0,0,0.0
2018-05-23,5,152,14.6,87,0.0,0,0.0
2018-05-23,6,436,13.9,83,0.0,0,0.0
2018-05-23,7,1241,13.6,75,0.0,0,0.0
2018-05-23,8,2035,14.6,70,0.0,0,0.0
2018-05-23,9,1125,16.0,60,0.0,0,0.0
2018-05-23,10,871,17.9,56,0.0,0,0.0
2018-05-23,11,1012,18.9,42,0.0,0,0.0
2018-05-23,12,1216,20.1,37,0.0,0,0.0
2018-05-23,13,1167,20.9,33,0.0,0,0.0
2018-05-23,14,1183,22.0,33,0.0,0,0.0
2018-05-23,15,1332,23.0,29,0.0,0,0.0
2018-05-23,16,1563,23.0,33,0.0,0,0.0
2018-05-23,17,2069,22.4,39,0.0,0,0.0
2018-05-23,18,3123,21.7,40,0.0,0,0.0
2018-05-23,19,2454,18.8,52,0.0,0,0.0
2018-05-23,20,2001,16.7,61,0.0,0,0.0
2018-05-23,21,1833,15.4,61,0.0,0,0.0
2018-05-23,22,1588,14.8,59,0.0,0,0.0
2018-05-23,23,1080,14.6,54,0.0,0,0.0
2018-05-24,0,778,13.7,51,0.0,0,0.0
2018-05-24,1,578,12.9,62,0.0,0,0.0
2018-05-24,2,385,12.5,54,0.0,0,0.0
2018-05-24,3,265,12.1,64,0.0,0,0.0
2018-05-24,4,161,11.7,64,0.0,0,0.0
2018-05-24,5,205,11.3,64,0.0,0,0.0
2018-05-24,6,530,11.4,67,0.0,0,0.0
2018-05-24,7,1390,12.5,61,0.0,0,0.0
2018-05-24,8,2081,15.2,50,0.0,0,0.0
2018-05-24,9,1226,17.6,30,0.0,0,0.0
2018-05-24,10,880,19.9,27,0.0,0,0.0
2018-05-24,11,922,21.5,30,0.0,0,0.0
2018-05-24,12,1087,22.1,36,0.0,0,0.0
2018-05-24,13,1078,23.3,35,0.0,0,0.0
2018-05-24,14,1059,23.2,36,0.0,0,0.0
2018-05-24,15,1174,23.5,36,0.0,0,0.0
2018-05-24,16,1455,23.5,36,0.0,0,0.0
2018-05-24,17,1863,23.4,38,0.0,0,0.0
2018-05-24,18,2825,22.6,39,0.0,0,0.0
2018-05-24,19,2334,21.1,44,0.0,0,0.0
2018-05-24,20,1902,20.0,46,0.0,0,0.0
2018-05-24,21,1838,19.3,50,0.0,0,0.0
2018-05-24,22,1678,18.6,54,0.0,0,0.0
2018-05-24,23,1087,18.1,56,0.0,0,0.0
2018-05-25,0,831,17.6,57,0.0,0,0.0
2018-05-25,1,610,16.9,61,0.0,0,0.0
2018-05-25,2,437,16.1,70,0.0,0,0.0
2018-05-25,3,286,15.4,71,0.0,0,0.0
2018-05-25,4,188,14.8,71,0.0,0,0.0
2018-05-25,5,201,14.3,75,0.0,0,0.0
2018-05-25,6,531,13.8,74,0.0,0,0.0
2018-05-25,7,1250,14.4,66,0.0,0,0.0
2018-05-25,8,1996,17.1,57,0.0,0,0.0
2018-05-25,9,1121,19.5,44,0.0,0,0.0
2018-05-25,10,819,21.4,30,0.0,0,0.0
2018-05-25,11,959,23.1,30,0.0,0,0.0
2018-05-25,12,1082,24.4,24,0.0,0,0.0
2018-05-25,13,1106,25.6,26,0.0,0,0.0
2018-05-25,14,1161,26.0,23,0.0,0,0.0
2018-05-25,15,1306,25.1,25,0.0,0,0.0
2018-05-25,16,1533,24.3,27,0.0,0,0.0
2018-05-25,17,2013,23.6,28,0.0,0,0.0
2018-05-25,18,2916,23.3,32,0.0,0,0.0
2018-05-25,19,2227,22.0,40,0.0,0,0.0
2018-05-25,20,1905,20.4,45,0.0,0,0.0
2018-05-25,21,1740,19.1,50,0.0,0,0.0
2018-05-25,22,1630,18.3,54,0.0,0,0.0
2018-05-25,23,1209,17.6,55,0.0,0,0.0
2018-05-26,0,987,17.0,59,0.0,1,0.0
2018-05-26,1,837,16.2,63,0.0,1,0.0
2018-05-26,2,572,15.8,66,0.0,1,0.0
2018-05-26,3,419,15.3,69,0.0,1,0.0
2018-05-26,4,232,14.8,73,0.0,1,0.0
2018-05-26,5,198,14.4,73,0.0,1,0.0
2018-05-26,6,299,14.2,72,0.0,1,0.0
2018-05-26,7,503,15.0,64,0.0,1,0.0
2018-05-26,8,763,17.8,52,0.0,1,0.0
2018-05-26,9,992,20.6,43,0.0,1,0.0
2018-05-26,10,1010,23.2,41,0.0,1,0.0
2018-05-26,11,1164,24.8,34,0.0,1,0.0
2018-05-26,12,1285,26.2,31,0.0,1,0.0
2018-05-26,13,1441,27.8,31,0.0,1,0.0
2018-05-26,14,1448,28.3,30,0.0,1,0.0
2018-05-26,15,1575,29.4,30,0.0,1,0.0
2018-05-26,16,1690,29.0,31,0.0,1,0.0
2018-05-26,17,1886,27.9,34,0.0,1,0.0
2018-05-26,18,2020,27.0,33,0.0,1,0.0
2018-05-26,19,1985,24.9,46,0.0,1,0.0
2018-05-26,20,1909,22.3,50,0.0,1,0.0
2018-05-26,21,1851,21.7,58,0.0,1,0.0
2018-05-26,22,1683,21.2,60,0.0,1,0.0
2018-05-26,23,1330,20.7,63,0.0,1,0.0
2018-05-27,0,1089,20.1,65,0.0,1,0.0
2018-05-27,1,799,19.8,61,0.0,1,0.0
2018-05-27,2,555,19.0,62,0.0,1,0.0
2018-05-27,3,423,18.5,62,0.0,1,0.0
2018-05-27,4,208,17.9,59,0.0,1,0.0
2018-05-27,6,234,17.3,62,0.0,1,0.0
2018-05-27,8,608,18.3,51,0.0,1,0.0
2018-05-27,9,762,19.5,43,0.0,1,0.0
2018-05-27,10,821,21.6,33,0.0,1,0.0
2018-05-27,11,1004,22.3,33,0.0,1,0.0
2018-05-27,12,1404,23.4,38,0.0,1,0.0
2018-05-27,13,1579,24.3,37,0.0,1,0.0
2018-05-27,14,1730,24.2,36,0.0,1,0.0
2018-05-27,15,2019,23.9,37,0.0,1,0.0
2018-05-27,16,2242,24.0,36,0.0,1,0.0
2018-05-27,17,2307,23.5,32,0.0,1,0.0
2018-05-27,18,2267,23.0,36,0.0,1,0.0
2018-05-27,19,2207,21.7,38,0.0,1,0.0
2018-05-27,20,2044,20.6,41,0.0,1,0.0
2018-05-27,21,1729,19.5,46,0.0,1,0.0
2018-05-27,22,1374,18.6,50,0.0,1,0.0
2018-05-27,23,1071,17.9,53,0.0,1,0.0
2018-05-28,0,770,17.3,55,0.0,0,0.0
2018-05-28,1,440,16.7,60,0.0,0,0.0
2018-05-28,2,335,16.5,58,0.0,0,0.0
2018-05-28,3,185,17.1,56,0.0,0,0.0
2018-05-28,8,2194,19.5,50,0.0,0,0.0
2018-05-28,9,1131,21.7,48,0.0,0,0.0
2018-05-28,10,828,23.3,49,0.0,0,0.0
2018-05-28,11,986,25.1,45,0.0,0,0.0
2018-05-28,12,1139,26.3,44,0.0,0,0.0
2018-05-28,13,1124,27.7,39,0.0,0,0.0
2018-05-28,14,1128,28.7,36,0.0,0,0.0
2018-05-28,15,1258,28.4,43,0.0,0,0.0
2018-05-28,16,1497,28.1,43,0.0,0,0.0
2018-05-28,17,2060,26.9,45,0.0,0,0.0
2018-05-28,18,3245,26.0,39,0.0,0,0.0
2018-05-28,19,2656,24.4,44,0.0,0,0.0
2018-05-28,20,2252,23.0,49,0.0,0,0.0
2018-05-28,21,2140,21.8,50,0.0,0,0.0
2018-05-28,22,1881,21.1,54,0.0,0,0.0
2018-05-28,23,1247,20.9,53,0.0,0,0.0
2018-05-29,0,841,20.6,54,0.0,0,0.0
2018-05-29,1,721,20.3,55,0.0,0,0.0
2018-05-29,2,466,20.2,56,0.0,0,0.0
2018-05-29,3,285,20.0,58,0.0,0,0.0
2018-05-29,4,204,19.8,60,0.0,0,0.0
2018-05-29,5,252,19.6,64,0.0,0,0.0
2018-05-29,6,625,19.5,64,0.0,0,0.0
2018-05-29,7,1427,19.9,63,0.0,0,0.0
2018-05-29,8,2234,20.5,66,0.0,0,0.0
2018-05-29,9,1192,21.0,67,0.0,0,0.0
2018-05-29,10,893,21.6,68,0.0,0,0.0
2018-05-29,11,949,23.1,63,0.0,0,0.0
2018-05-29,12,1184,23.1,64,0.0,0,0.0
2018-05-29,13,1103,24.2,58,0.0,0,0.0
2018-05-29,14,1174,25.5,53,0.0,0,0.0
2018-05-29,15,1234,25.7,56,0.0,0,0.0
2018-05-29,16,1592,23.6,66,0.0,0,0.0
2018-05-29,17,2022,23.9,65,0.0,0,0.0
2018-05-29,18,2154,23.1,68,0.0,0,0.0
2018-05-29,19,477,22.3,71,0.0,0,0.0
2018-05-29,20,422,20.1,88,1.0,0,0.693
2018-05-29,21,1041,19.9,93,0.0,0,0.0
2018-05-29,22,1121,19.9,85,0.0,0,0.0
2018-05-29,23,742,19.5,89,0.0,0,0.0
2018-05-30,0,507,19.1,84,0.0,0,0.0
2018-05-30,1,570,18.8,84,0.0,0,0.0
2018-05-30,2,422,18.7,83,0.0,0,0.0
2018-05-30,3,238,18.4,86,0.0,0,0.0
2018-05-30,4,167,18.3,84,0.0,0,0.0
2018-05-30,5,239,18.4,84,0.0,0,0.0
2018-05-30,6,505,18.6,84,0.0,0,0.0
2018-05-30,7,1150,18.9,85,0.0,0,0.0
2018-05-30,8,1937,19.3,83,0.0,0,0.0
2018-05-30,9,1200,19.8,79,0.0,0,0.0
2018-05-30,10,916,21.4,71,0.0,0,0.0
2018-05-30,11,975,22.8,66,0.0,0,0.0
2018-05-30,12,1187,23.2,64,0.0,0,0.0
2018-05-30,13,1134,24.0,56,0.0,0,0.0
2018-05-30,14,1119,24.3,58,0.0,0,0.0
2018-05-30,15,1280,24.3,52,0.0,0,0.0
2018-05-30,16,1571,24.7,47,0.0,0,0.0
2018-05-30,17,2166,24.1,41,0.0,0,0.0
2018-05-30,18,3251,23.6,42,0.0,0,0.0
2018-05-30,19,2650,21.2,52,0.0,0,0.0
2018-05-30,20,2224,19.1,64,0.0,0,0.0
2018-05-30,21,2074,18.2,69,0.0,0,0.0
2018-05-30,22,1732,17.3,76,0.0,0,0.0
2018-05-30,23,1158,16.4,80,0.0,0,0.0
2018-05-31,0,844,15.8,82,0.0,0,0.0
2018-05-31,1,610,15.5,82,0.0,0,0.0
2018-05-31,2,470,15.2,84,0.0,0,0.0
2018-05-31,3,328,15.0,84,0.0,0,0.0
2018-05-31,4,188,14.8,85,0.0,0,0.0
2018-05-31,5,265,14.4,82,0.0,0,0.0
2018-05-31,6,646,14.3,82,0.0,0,0.0
2018-05-31,7,1401,14.9,71,0.0,0,0.0
2018-05-31,8,2281,16.9,65,0.0,0,0.0
2018-05-31,9,1277,18.8,59,0.0,0,0.0
2018-05-31,10,936,20.8,54,0.0,0,0.0
2018-05-31,11,979,22.0,54,0.0,0,0.0
2018-05-31,12,1134,23.7,44,0.0,0,0.0
2018-05-31,13,1151,25.0,47,0.0,0,0.0
2018-05-31,14,1164,25.9,43,0.0,0,0.0
2018-05-31,15,1280,26.9,37,0.0,0,0.0
2018-05-31,16,1550,27.3,38,0.0,0,0.0
2018-05-31,17,2047,27.2,42,0.0,0,0.0
2018-05-31,18,3119,26.4,42,0.0,0,0.0
2018-05-31,19,2534,25.2,53,0.0,0,0.0
2018-05-31,20,2164,23.1,58,0.0,0,0.0
2018-05-31,21,2070,21.9,60,0.0,0,0.0
2018-05-31,22,1900,21.1,59,0.0,0,0.0
2018-05-31,23,1343,20.5,62,0.0,0,0.0
2018-06-01,0,963,20.1,63,0.0,0,0.0
2018-06-01,1,776,19.5,65,0.0,0,0.0
2018-06-01,2,554,19.0,72,0.0,0,0.0
2018-06-01,3,366,18.6,72,0.0,0,0.0
2018-06-01,4,265,18.1,76,0.0,0,0.0
2018-06-01,5,306,17.8,75,0.0,0,0.0
2018-06-01,6,672,17.5,76,0.0,0,0.0
2018-06-01,7,1421,18.1,64,0.0,0,0.0
2018-06-01,8,2149,20.6,55,0.0,0,0.0
2018-06-01,9,1219,23.1,52,0.0,0,0.0
2018-06-01,10,862,25.3,45,0.0,0,0.0
2018-06-01,11,1036,26.8,38,0.0,0,0.0
2018-06-01,12,1076,28.2,34,0.0,0,0.0
2018-06-01,13,1093,29.4,33,0.0,0,0.0
2018-06-01,14,1071,29.6,31,0.0,0,0.0
2018-06-01,15,1235,29.9,36,0.0,0,0.0
2018-06-01,16,1488,29.9,34,0.0,0,0.0
2018-06-01,17,2123,29.2,35,0.0,0,0.0
2018-06-01,18,3088,28.5,36,0.0,0,0.0
2018-06-01,19,2505,26.8,35,0.0,0,0.0
2018-06-01,20,2163,25.0,39,0.0,0,0.0
2018-06-01,21,2066,23.5,44,0.0,0,0.0
2018-06-01,22,1991,22.7,44,0.0,0,0.0
2018-06-01,23,1440,21.8,49,0.0,0,0.0
2018-06-02,0,1165,20.9,53,0.0,1,0.0
2018-06-02,1,989,20.2,57,0.0,1,0.0
2018-06-02,2,677,19.6,60,0.0,1,0.0
2018-06-02,3,475,18.9,63,0.0,1,0.0
2018-06-02,4,312,18.3,66,0.0,1,0.0
2018-06-02,5,264,17.8,69,0.0,1,0.0
2018-06-02,6,342,17.7,68,0.0,1,0.0
2018-06-02,7,560,18.1,59,0.0,1,0.0
2018-06-02,8,898,20.4,54,0.0,1,0.0
2018-06-02,9,1005,23.3,43,0.0,1,0.0
2018-06-02,10,1044,25.5,33,0.0,1,0.0
2018-06-02,11,1094,27.3,35,0.0,1,0.0
2018-06-02,12,1253,28.3,30,0.0,1,0.0
2018-06-02,13,1334,29.6,24,0.0,1,0.0
2018-06-02,14,1396,29.8,23,0.0,1,0.0
2018-06-02,15,1535,29.8,24,0.0,1,0.0
2018-06-02,16,1707,29.6,26,0.0,1,0.0
2018-06-02,17,2025,28.9,22,0.0,1,0.0
2018-06-02,18,2246,27.4,29,0.0,1,0.0
2018-06-02,19,2337,25.4,33,0.0,1,0.0
2018-06-02,20,2338,23.4,38,0.0,1,0.0
2018-06-02,21,2238,22.1,44,0.0,1,0.0
2018-06-02,22,1969,21.4,48,0.0,1,0.0
2018-06-02,23,1490,20.6,52,0.0,1,0.0
2018-06-03,0,1248,19.7,55,0.0,1,0.0
2018-06-03,1,902,19.2,57,0.0,1,0.0
2018-06-03,2,673,18.6,60,0.0,1,0.0
2018-06-03,3,437,18.0,64,0.0,1,0.0
2018-06-03,4,294,17.4,65,0.0,1,0.0
2018-06-03,5,193,17.1,66,0.0,1,0.0
2018-06-03,6,228,16.9,62,0.0,1,0.0
2018-06-03,7,423,18.0,54,0.0,1,0.0
2018-06-03,8,659,20.3,47,0.0,1,0.0
2018-06-03,9,831,22.7,39,0.0,1,0.0
2018-06-03,10,938,24.8,34,0.0,1,0.0
2018-06-03,11,977,26.7,30,0.0,1,0.0
2018-06-03,12,1134,28.7,27,0.0,1,0.0
2018-06-03,13,1393,29.4,24,0.0,1,0.0
2018-06-03,14,1399,29.8,26,0.0,1,0.0
2018-06-03,15,1556,30.7,21,0.0,1,0.0
2018-06-03,16,1834,30.4,28,0.0,1,0.0
2018-06-03,17,2131,29.5,29,0.0,1,0.0
2018-06-03,18,2349,29.3,25,0.0,1,0.0
2018-06-03,19,2514,27.4,29,0.0,1,0.0
2018-06-03,20,2460,25.3,32,0.0,1,0.0
2018-06-03,21,2173,24.2,32,0.0,1,0.0
2018-06-03,22,1741,23.0,38,0.0,1,0.0
2018-06-03,23,1274,22.0,44,0.0,1,0.0
2018-06-04,0,938,21.4,45,0.0,0,0.0
2018-06-04,1,596,20.7,47,0.0,0,0.0
2018-06-04,2,351,20.1,49,0.0,0,0.0
2018-06-04,3,244,19.6,51,0.0,0,0.0
2018-06-04,4,172,19.4,56,0.0,0,0.0
2018-06-04,5,299,19.2,56,0.0,0,0.0
2018-06-04,6,742,18.9,53,0.0,0,0.0
2018-06-04,7,1505,19.5,52,0.0,0,0.0
2018-06-04,8,2287,22.1,44,0.0,0,0.0
2018-06-04,9,1243,23.3,37,0.0,0,0.0
2018-06-04,10,970,25.1,40,0.0,0,0.0
2018-06-04,11,1008,26.1,37,0.0,0,0.0
2018-06-04,12,1152,26.3,36,0.0,0,0.0
2018-06-04,13,1085,27.4,30,0.0,0,0.0
2018-06-04,14,1148,26.5,43,0.0,0,0.0
2018-06-04,15,1249,25.5,43,0.0,0,0.0
2018-06-04,16,1671,25.5,43,0.0,0,0.0
2018-06-04,17,2190,24.9,46,0.0,0,0.0
2018-06-04,18,3380,24.4,48,0.0,0,0.0
2018-06-04,19,2788,23.9,51,0.0,0,0.0
2018-06-04,20,2508,23.4,43,0.0,0,0.0
2018-06-04,21,2377,22.6,62,0.0,0,0.0
2018-06-04,22,2000,22.0,64,0.0,0,0.0
2018-06-04,23,1354,21.4,68,0.0,0,0.0
2018-06-05,0,927,20.5,71,0.0,0,0.0
2018-06-05,1,742,20.0,67,0.0,0,0.0
2018-06-05,2,448,19.7,66,0.0,0,0.0
2018-06-05,3,314,19.1,72,0.0,0,0.0
2018-06-05,4,214,18.5,72,0.0,0,0.0
2018-06-05,5,282,18.1,73,0.0,0,0.0
2018-06-05,6,733,17.8,73,0.0,0,0.0
2018-06-05,7,1602,18.8,64,0.0,0,0.0
2018-06-05,8,2322,21.5,58,0.0,0,0.0
2018-06-05,9,1344,23.5,51,0.0,0,0.0
2018-06-05,10,959,25.5,43,0.0,0,0.0
2018-06-05,11,974,26.8,37,0.0,0,0.0
2018-06-05,12,1111,28.2,35,0.0,0,0.0
2018-06-05,13,1058,28.6,34,0.0,0,0.0
2018-06-05,14,1120,28.9,34,0.0,0,0.0
2018-06-05,15,1250,29.0,38,0.0,0,0.0
2018-06-05,16,1434,28.8,38,0.0,0,0.0
2018-06-05,17,2115,28.1,37,0.0,0,0.0
2018-06-05,18,3227,27.1,40,0.0,0,0.0
2018-06-05,19,2615,25.5,43,0.0,0,0.0
2018-06-05,20,2346,24.0,46,0.0,0,0.0
2018-06-05,21,2404,23.3,51,0.0,0,0.0
2018-06-05,22,2237,22.4,54,0.0,0,0.0
2018-06-05,23,1646,21.9,56,0.0,0,0.0
2018-06-06,0,1268,21.2,60,0.0,0,0.0
2018-06-06,1,1031,20.6,63,0.0,0,0.0
2018-06-06,2,792,20.1,65,0.0,0,0.0
2018-06-06,3,562,19.6,68,0.0,0,0.0
2018-06-06,4,332,19.2,68,0.0,0,0.0
2018-06-06,5,218,18.7,73,0.0,0,0.0
2018-06-06,6,351,18.5,73,0.0,0,0.0
2018-06-06,7,536,19.3,63,0.0,0,0.0
2018-06-06,8,799,21.2,59,0.0,0,0.0
2018-06-06,9,925,22.9,56,0.0,0,0.0
2018-06-06,10,1087,24.3,53,0.0,0,0.0
2018-06-06,11,1152,25.8,52,0.0,0,0.0
2018-06-06,12,1400,27.3,51,0.0,0,0.0
2018-06-06,13,1444,27.3,52,0.0,0,0.0
2018-06-06,14,1603,27.4,50,0.0,0,0.0
2018-06-06,15,1674,27.6,49,0.0,0,0.0
2018-06-06,16,1940,27.9,47,0.0,0,0.0
2018-06-06,17,2104,27.4,48,0.0,0,0.0
2018-06-06,18,2162,26.6,52,0.0,0,0.0
2018-06-06,19,2163,24.9,56,0.0,0,0.0
2018-06-06,20,2145,23.4,64,0.0,0,0.0
2018-06-06,21,1935,22.1,72,0.0,0,0.0
2018-06-06,22,1624,20.8,78,0.0,0,0.0
2018-06-06,23,1251,20.1,77,0.0,0,0.0
2018-06-07,0,978,19.6,82,0.0,0,0.0
2018-06-07,1,606,19.1,86,0.0,0,0.0
2018-06-07,2,418,18.8,88,0.0,0,0.0
2018-06-07,3,275,18.4,88,0.0,0,0.0
2018-06-07,4,191,18.1,88,0.0,0,0.0
2018-06-07,5,288,17.8,91,0.0,0,0.0
2018-06-07,6,716,18.1,88,0.0,0,0.0
2018-06-07,7,1551,18.6,85,0.0,0,0.0
2018-06-07,8,2317,18.9,82,0.0,0,0.0
2018-06-07,9,1342,20.5,73,0.0,0,0.0
2018-06-07,10,914,22.0,69,0.0,0,0.0
2018-06-07,11,967,23.4,62,0.0,0,0.0
2018-06-07,12,1099,25.0,56,0.0,0,0.0
2018-06-07,13,1071,26.7,47,0.0,0,0.0
2018-06-07,14,1116,28.2,44,0.0,0,0.0
2018-06-07,15,1171,29.3,41,0.0,0,0.0
2018-06-07,16,1442,29.3,41,0.0,0,0.0
2018-06-07,17,2002,28.2,51,0.0,0,0.0
2018-06-07,18,3221,25.6,57,0.0,0,0.0
2018-06-07,19,2649,24.0,60,0.0,0,0.0
2018-06-07,20,2278,22.8,67,0.0,0,0.0
2018-06-07,21,2161,21.5,69,0.0,0,0.0
2018-06-07,22,1939,20.9,71,0.0,0,0.0
2018-06-07,23,1290,20.3,77,0.0,0,0.0
2018-06-08,0,926,19.1,82,0.0,0,0.0
2018-06-08,1,769,18.8,84,0.0,0,0.0
2018-06-08,2,525,18.6,84,0.0,0,0.0
2018-06-08,3,365,18.6,83,0.0,0,0.0
2018-06-08,4,255,18.5,82,0.0,0,0.0
2018-06-08,5,299,18.6,81,0.0,0,0.0
2018-06-08,6,744,18.8,78,0.0,0,0.0
2018-06-08,7,1544,19.1,73,0.0,0,0.0
2018-06-08,8,2348,19.7,69,0.0,0,0.0
2018-06-08,9,1283,21.2,62,0.0,0,0.0
2018-06-08,10,1002,21.9,62,0.0,0,0.0
2018-06-08,11,1095,21.9,64,0.0,0,0.0
2018-06-08,12,1256,23.1,56,0.0,0,0.0
2018-06-08,13,1314,24.2,58,0.0,0,0.0
2018-06-08,14,1249,25.0,54,0.0,0,0.0
2018-06-08,15,1416,26.2,51,0.0,0,0.0
2018-06-08,16,1668,26.6,49,0.0,0,0.0
2018-06-08,17,2314,26.9,49,0.0,0,0.0
2018-06-08,18,3309,26.2,54,0.0,0,0.0
2018-06-08,19,2797,24.5,63,0.0,0,0.0
2018-06-08,20,2476,22.6,71,0.0,0,0.0
2018-06-08,21,2337,21.2,77,0.0,0,0.0
2018-06-08,22,2140,20.5,78,0.0,0,0.0
2018-06-08,23,1672,20.0,79,0.0,0,0.0
2018-06-09,0,1247,19.7,83,0.0,1,0.0
2018-06-09,1,1029,19.7,81,0.0,1,0.0
2018-06-09,2,732,19.4,84,0.0,1,0.0
2018-06-09,3,535,19.1,84,0.0,1,0.0
2018-06-09,4,352,19.0,83,0.0,1,0.0
2018-06-09,5,262,19.0,85,0.0,1,0.0
2018-06-09,6,381,19.0,84,0.0,1,0.0
2018-06-09,7,616,20.2,73,0.0,1,0.0
2018-06-09,8,963,21.9,62,0.0,1,0.0
2018-06-09,9,1102,24.0,55,0.0,1,0.0
2018-06-09,10,1156,25.8,49,0.0,1,0.0
2018-06-09,11,1200,27.2,46,0.0,1,0.0
2018-06-09,12,1462,28.2,42,0.0,1,0.0
2018-06-09,13,1583,28.8,42,0.0,1,0.0
2018-06-09,14,1744,30.1,35,0.0,1,0.0
2018-06-09,15,1890,29.6,40,0.0,1,0.0
2018-06-09,16,2297,28.7,40,0.0,1,0.0
2018-06-09,17,2355,28.2,39,0.0,1,0.0
2018-06-09,18,1934,27.3,42,0.0,1,0.0
2018-06-09,19,1058,25.7,47,0.0,1,0.0
2018-06-09,20,246,23.7,62,0.4,1,0.336
2018-06-09,21,225,22.4,72,0.1,1,0.095
2018-06-09,22,776,21.0,75,0.0,1,0.0
2018-06-09,23,766,20.7,66,0.0,1,0.0
2018-06-10,0,483,20.2,66,0.0,1,0.0
2018-06-10,1,375,19.7,71,0.5,1,0.405
2018-06-10,2,162,19.2,69,0.0,1,0.0
2018-06-10,3,150,18.6,78,0.0,1,0.0
2018-06-10,4,174,18.3,72,0.0,1,0.0
2018-06-10,5,138,18.4,70,0.0,1,0.0
2018-06-10,6,216,18.3,71,0.0,1,0.0
2018-06-10,7,313,18.4,68,0.0,1,0.0
2018-06-10,8,619,19.0,65,0.0,1,0.0
2018-06-10,9,786,19.2,65,0.0,1,0.0
2018-06-10,10,942,20.2,62,0.0,1,0.0
2018-06-10,11,1074,21.3,56,0.0,1,0.0
2018-06-10,12,1442,23.2,50,0.0,1,0.0
2018-06-10,13,1752,24.2,48,0.0,1,0.0
2018-06-10,14,1985,24.1,51,0.0,1,0.0
2018-06-10,15,2182,24.8,49,0.0,1,0.0
2018-06-10,16,2333,24.8,51,0.0,1,0.0
2018-06-10,17,2431,24.6,52,0.0,1,0.0
2018-06-10,18,2367,24.1,53,0.0,1,0.0
2018-06-10,19,2267,23.4,55,0.0,1,0.0
2018-06-10,20,2300,22.8,55,0.0,1,0.0
2018-06-10,21,2026,22.1,55,0.0,1,0.0
2018-06-10,22,1634,21.5,55,0.0,1,0.0
2018-06-10,23,1191,20.9,56,0.0,1,0.0
2018-06-11,0,918,20.3,58,0.0,0,0.0
2018-06-11,1,555,19.8,59,0.0,0,0.0
2018-06-11,2,353,19.2,60,0.0,0,0.0
2018-06-11,3,232,18.8,61,0.0,0,0.0
2018-06-11,4,194,18.8,60,0.0,0,0.0
2018-06-11,5,324,18.8,61,0.0,0,0.0
2018-06-11,6,807,18.6,61,0.0,0,0.0
2018-06-11,7,1629,19.1,59,0.0,0,0.0
2018-06-11,8,2375,20.7,55,0.0,0,0.0
2018-06-11,9,1307,22.2,48,0.0,0,0.0
2018-06-11,10,992,23.7,47,0.0,0,0.0
2018-06-11,11,1107,23.2,52,0.0,0,0.0
2018-06-11,12,1204,23.2,52,0.0,0,0.0
2018-06-11,13,1033,23.7,49,0.0,0,0.0
2018-06-11,14,1075,23.9,47,0.0,0,0.0
2018-06-11,15,1240,22.2,60,0.0,0,0.0
2018-06-11,16,1220,22.0,60,0.0,0,0.0
2018-06-11,17,1475,20.7,72,0.0,0,0.0
2018-06-11,18,1491,19.8,80,0.0,0,0.0
2018-06-11,19,873,19.4,85,0.5,0,0.405
2018-06-11,20,1280,19.1,84,0.0,0,0.0
2018-06-11,21,1647,19.0,82,0.0,0,0.0
2018-06-11,22,1117,19.0,76,0.0,0,0.0
2018-06-11,23,384,18.2,93,3.5,0,1.504
2018-06-12,0,470,18.0,94,1.0,0,0.693
2018-06-12,1,454,17.7,92,0.0,0,0.0
2018-06-12,2,385,17.7,87,0.0,0,0.0
2018-06-12,3,206,17.5,87,0.0,0,0.0
2018-06-12,4,144,17.5,84,0.0,0,0.0
2018-06-12,5,296,17.2,87,0.0,0,0.0
2018-06-12,6,740,16.7,85,0.0,0,0.0
2018-06-12,7,1573,17.1,77,0.0,0,0.0
2018-06-12,8,2495,19.0,67,0.0,0,0.0
2018-06-12,9,1317,21.1,60,0.0,0,0.0
2018-06-12,10,971,22.1,53,0.0,0,0.0
2018-06-12,11,1092,22.9,54,0.0,0,0.0
2018-06-12,12,1202,24.0,51,0.0,0,0.0
2018-06-12,13,1215,25.7,46,0.0,0,0.0
2018-06-12,14,1246,25.6,45,0.0,0,0.0
2018-06-12,15,1427,26.2,42,0.0,0,0.0
2018-06-12,16,1714,26.2,47,0.0,0,0.0
2018-06-12,17,2270,26.4,47,0.0,0,0.0
2018-06-12,18,3404,24.9,53,0.0,0,0.0
2018-06-12,19,2873,23.1,58,0.0,0,0.0
2018-06-12,20,2579,21.6,62,0.0,0,0.0
2018-06-12,21,2505,20.6,70,0.0,0,0.0
2018-06-12,22,2309,20.0,70,0.0,0,0.0
2018-06-12,23,1657,19.5,72,0.0,0,0.0
2018-06-13,0,1274,19.3,76,0.0,0,0.0
2018-06-13,1,1088,18.9,77,0.0,0,0.0
2018-06-13,2,847,18.4,75,0.0,0,0.0
2018-06-13,3,591,18.5,73,0.0,0,0.0
2018-06-13,4,421,18.7,74,0.0,0,0.0
2018-06-13,5,290,18.6,76,0.0,0,0.0
2018-06-13,6,416,18.7,75,0.0,0,0.0
2018-06-13,7,657,19.4,69,0.0,0,0.0
2018-06-13,8,959,20.7,65,0.0,0,0.0
2018-06-13,9,1111,22.6,59,0.0,0,0.0
2018-06-13,10,1269,23.0,57,0.0,0,0.0
2018-06-13,11,1478,24.5,51,0.0,0,0.0
2018-06-13,12,1747,24.5,56,0.0,0,0.0
2018-06-13,13,1834,24.9,52,0.0,0,0.0
2018-06-13,14,2088,26.6,50,0.0,0,0.0
2018-06-13,15,2288,25.5,50,0.0,0,0.0
2018-06-13,16,2474,25.8,50,0.0,0,0.0
2018-06-13,17,2664,25.6,57,0.0,0,0.0
2018-06-13,18,2479,23.4,63,0.0,0,0.0
2018-06-13,19,2404,22.8,64,0.0,0,0.0
2018-06-13,20,2276,22.1,65,0.0,0,0.0
2018-06-13,21,2166,21.8,67,0.0,0,0.0
2018-06-13,22,1934,21.6,66,0.0,0,0.0
2018-06-13,23,1394,21.5,62,0.0,0,0.0
2018-06-14,0,1047,21.1,69,0.0,0,0.0
2018-06-14,1,715,20.8,72,0.0,0,0.0
2018-06-14,2,453,20.8,73,0.0,0,0.0
2018-06-14,3,289,20.8,73,0.0,0,0.0
2018-06-14,4,193,21.0,72,0.0,0,0.0
2018-06-14,5,154,20.3,84,0.0,0,0.0
2018-06-14,6,100,19.5,95,1.5,0,0.916
2018-06-14,7,94,19.4,97,13.5,0,2.674
2018-06-14,8,187,18.9,97,11.5,0,2.526
2018-06-14,9,175,19.1,96,1.5,0,0.916
2018-06-14,10,532,19.7,94,1.0,0,0.693
2018-06-14,11,735,20.5,79,0.0,0,0.0
2018-06-14,12,945,21.2,75,0.0,0,0.0
2018-06-14,13,1056,22.8,67,0.0,0,0.0
2018-06-14,14,1153,23.8,62,0.0,0,0.0
2018-06-14,15,1292,24.6,57,0.0,0,0.0
2018-06-14,16,1550,25.0,56,0.0,0,0.0
2018-06-14,17,1934,24.6,57,0.0,0,0.0
2018-06-14,18,2962,24.0,61,0.0,0,0.0
2018-06-14,19,1856,23.6,63,0.0,0,0.0
2018-06-14,20,1557,22.6,74,0.0,0,0.0
2018-06-14,21,1807,22.2,72,0.0,0,0.0
2018-06-14,22,1737,21.8,72,0.0,0,0.0
2018-06-14,23,1295,21.6,68,0.0,0,0.0
2018-06-15,0,986,21.0,70,0.0,0,0.0
2018-06-15,1,717,20.6,65,0.0,0,0.0
2018-06-15,2,403,20.1,67,0.1,0,0.095
2018-06-15,3,154,18.8,93,5.4,0,1.856
2018-06-15,4,72,18.0,93,10.5,0,2.442
2018-06-15,5,161,17.4,86,0.5,0,0.405
2018-06-15,6,609,17.2,83,0.0,0,0.0
2018-06-15,7,1467,18.2,75,0.0,0,0.0
2018-06-15,8,2328,18.7,71,0.0,0,0.0
2018-06-15,9,1170,20.1,65,0.0,0,0.0
2018-06-15,10,1004,22.0,56,0.0,0,0.0
2018-06-15,11,1118,22.9,57,0.0,0,0.0
2018-06-15,12,1193,24.4,50,0.0,0,0.0
2018-06-15,13,1035,25.3,48,0.0,0,0.0
2018-06-15,14,1027,26.4,43,0.0,0,0.0
2018-06-15,15,1461,26.7,40,0.0,0,0.0
2018-06-15,16,1726,26.5,45,0.0,0,0.0
2018-06-15,17,2460,26.1,45,0.0,0,0.0
2018-06-15,18,2891,25.9,44,0.0,0,0.0
2018-06-15,19,2984,24.3,48,0.0,0,0.0
2018-06-15,20,2441,22.6,51,0.0,0,0.0
2018-06-15,21,2337,21.4,54,0.0,0,0.0
2018-06-15,22,2155,20.4,54,0.0,0,0.0
2018-06-15,23,1593,19.6,55,0.0,0,0.0
2018-06-16,0,1217,19.0,57,0.0,1,0.0
2018-06-16,1,1056,18.4,59,0.0,1,0.0
2018-06-16,2,764,17.9,60,0.0,1,0.0
2018-06-16,3,518,17.4,61,0.0,1,0.0
2018-06-16,4,317,16.9,63,0.0,1,0.0
2018-06-16,5,277,16.6,65,0.0,1,0.0
2018-06-16,6,381,16.3,66,0.0,1,0.0
2018-06-16,7,583,17.0,60,0.0,1,0.0
2018-06-16,8,892,18.7,57,0.0,1,0.0
2018-06-16,9,1144,20.4,54,0.0,1,0.0
2018-06-16,10,1166,21.8,46,0.0,1,0.0
2018-06-16,11,1330,23.4,46,0.0,1,0.0
2018-06-16,12,1525,24.8,43,0.0,1,0.0
2018-06-16,13,1704,26.2,37,0.0,1,0.0
2018-06-16,14,1783,27.1,40,0.0,1,0.0
2018-06-16,15,1861,27.8,41,0.0,1,0.0
2018-06-16,16,1991,28.3,41,0.0,1,0.0
2018-06-16,17,2383,28.4,43,0.0,1,0.0
2018-06-16,18,2451,28.0,46,0.0,1,0.0
2018-06-16,19,2475,27.2,48,0.0,1,0.0
2018-06-16,20,2497,25.0,60,0.0,1,0.0
2018-06-16,21,2435,23.7,64,0.0,1,0.0
2018-06-16,22,1995,22.8,69,0.0,1,0.0
2018-06-16,23,1615,22.1,73,0.0,1,0.0
2018-06-17,0,1394,21.5,76,0.0,1,0.0
2018-06-17,1,929,20.9,79,0.0,1,0.0
2018-06-17,2,755,20.5,76,0.0,1,0.0
2018-06-17,3,491,19.9,80,0.0,1,0.0
2018-06-17,4,304,19.4,82,0.0,1,0.0
2018-06-17,5,238,19.0,85,0.0,1,0.0
2018-06-17,6,324,18.9,83,0.0,1,0.0
2018-06-17,7,475,19.6,75,0.0,1,0.0
2018-06-17,8,715,21.1,70,0.0,1,0.0
2018-06-17,9,944,22.5,66,0.0,1,0.0
2018-06-17,10,953,23.0,66,0.0,1,0.0
2018-06-17,11,1146,23.6,63,0.0,1,0.0
2018-06-17,12,1422,24.8,56,0.0,1,0.0
2018-06-17,13,1563,25.7,52,0.0,1,0.0
2018-06-17,14,1709,26.8,44,0.0,1,0.0
2018-06-17,15,1979,27.3,51,0.0,1,0.0
2018-06-17,16,2235,26.6,51,0.0,1,0.0
2018-06-17,17,2330,25.6,58,0.0,1,0.0
2018-06-17,18,2474,25.0,59,0.0,1,0.0
2018-06-17,19,2481,24.2,62,0.0,1,0.0
2018-06-17,20,2429,23.1,67,0.0,1,0.0
2018-06-17,21,2055,22.7,66,0.0,1,0.0
2018-06-17,22,1819,22.2,70,0.0,1,0.0
2018-06-17,23,1323,21.7,74,0.0,1,0.0
2018-06-18,0,917,21.3,74,0.0,0,0.0
2018-06-18,1,547,21.0,74,0.0,0,0.0
2018-06-18,2,436,20.7,76,0.0,0,0.0
2018-06-18,3,202,20.5,77,0.0,0,0.0
2018-06-18,4,164,20.2,78,0.0,0,0.0
2018-06-18,5,383,20.0,80,0.0,0,0.0
2018-06-18,6,779,20.0,78,0.0,0,0.0
2018-06-18,7,1590,20.6,76,0.0,0,0.0
2018-06-18,8,2357,22.7,65,0.0,0,0.0
2018-06-18,9,1263,24.7,59,0.0,0,0.0
2018-06-18,10,822,26.1,53,0.0,0,0.0
2018-06-18,11,915,27.3,45,0.0,0,0.0
2018-06-18,12,988,28.4,45,0.0,0,0.0
2018-06-18,13,938,29.4,42,0.0,0,0.0
2018-06-18,14,997,29.8,36,0.0,0,0.0
2018-06-18,15,1177,30.5,34,0.0,0,0.0
2018-06-18,16,1401,30.5,34,0.0,0,0.0
2018-06-18,17,2040,29.5,36,0.0,0,0.0
2018-06-18,18,746,29.2,35,0.0,0,0.0
2018-06-18,19,1557,28.1,38,0.0,0,0.0
2018-06-18,20,2515,25.7,43,0.0,0,0.0
2018-06-18,21,1702,23.8,48,0.0,0,0.0
2018-06-18,22,1373,22.9,56,0.0,0,0.0
2018-06-18,23,1732,22.3,59,0.0,0,0.0
2018-06-19,0,1055,21.5,63,0.0,0,0.0
2018-06-19,1,766,20.9,66,0.0,0,0.0
2018-06-19,2,527,20.2,71,0.0,0,0.0
2018-06-19,3,369,19.9,69,0.0,0,0.0
2018-06-19,4,268,19.7,73,0.0,0,0.0
2018-06-19,5,317,19.4,77,0.0,0,0.0
2018-06-19,6,746,19.1,75,0.0,0,0.0
2018-06-19,7,1616,19.9,72,0.0,0,0.0
2018-06-19,8,2430,21.1,66,0.0,0,0.0
2018-06-19,9,1381,22.4,62,0.0,0,0.0
2018-06-19,10,937,23.7,56,0.0,0,0.0
2018-06-19,11,1014,24.6,53,0.0,0,0.0
2018-06-19,12,1224,25.8,48,0.0,0,0.0
2018-06-19,13,1230,26.6,46,0.0,0,0.0
2018-06-19,14,1258,27.2,44,0.0,0,0.0
2018-06-19,15,1363,26.7,42,0.0,0,0.0
2018-06-19,16,1700,26.1,46,0.0,0,0.0
2018-06-19,17,2328,25.1,51,0.0,0,0.0
2018-06-19,18,3556,24.1,57,0.0,0,0.0
2018-06-19,19,2809,23.3,59,0.0,0,0.0
2018-06-19,20,2525,22.4,62,0.0,0,0.0
2018-06-19,21,2378,21.6,66,0.0,0,0.0
2018-06-19,22,2096,20.8,71,0.0,0,0.0
2018-06-19,23,1456,20.1,73,0.0,0,0.0
2018-06-20,0,1030,19.7,71,0.0,0,0.0
2018-06-20,1,803,19.6,73,0.0,0,0.0
2018-06-20,2,576,19.6,78,0.0,0,0.0
2018-06-20,3,340,19.4,79,0.0,0,0.0
2018-06-20,4,249,19.1,82,0.0,0,0.0
2018-06-20,5,336,19.1,83,0.0,0,0.0
2018-06-20,6,714,19.4,83,0.0,0,0.0
2018-06-20,7,1629,20.0,77,0.0,0,0.0
2018-06-20,8,2440,20.6,77,0.0,0,0.0
2018-06-20,9,1401,21.1,73,0.0,0,0.0
2018-06-20,10,1002,22.2,70,0.0,0,0.0
2018-06-20,11,1100,23.7,56,0.0,0,0.0
2018-06-20,12,1252,25.2,53,0.0,0,0.0
2018-06-20,13,1184,26.2,51,0.0,0,0.0
2018-06-20,14,1158,27.5,47,0.0,0,0.0
2018-06-20,15,1266,27.9,45,0.0,0,0.0
2018-06-20,16,1600,28.2,48,0.0,0,0.0
2018-06-20,17,2289,28.0,50,0.0,0,0.0
2018-06-20,18,3384,27.0,55,0.0,0,0.0
2018-06-20,19,2741,25.6,61,0.0,0,0.0
2018-06-20,20,2519,23.3,68,0.0,0,0.0
2018-06-20,21,2246,21.6,74,0.0,0,0.0
2018-06-20,22,1979,20.6,78,0.0,0,0.0
2018-06-20,23,1401,20.1,82,0.0,0,0.0
2018-06-21,0,1083,20.0,83,0.0,0,0.0
2018-06-21,1,794,20.1,82,0.0,0,0.0
2018-06-21,2,539,20.2,82,0.0,0,0.0
2018-06-21,3,394,20.0,83,0.0,0,0.0
2018-06-21,4,215,19.6,87,0.0,0,0.0
2018-06-21,5,308,19.4,82,0.0,0,0.0
2018-06-21,6,709,19.5,80,0.0,0,0.0
2018-06-21,7,1543,19.9,74,0.0,0,0.0
2018-06-21,8,2370,21.4,65,0.0,0,0.0
2018-06-21,9,1360,22.7,59,0.0,0,0.0
2018-06-21,10,922,23.9,57,0.0,0,0.0
2018-06-21,11,1066,25.5,57,0.0,0,0.0
2018-06-21,12,1197,26.4,46,0.0,0,0.0
2018-06-21,13,1147,27.3,33,0.0,0,0.0
2018-06-21,14,1152,28.0,39,0.0,0,0.0
2018-06-21,15,1276,28.3,40,0.0,0,0.0
2018-06-21,16,1473,28.5,42,0.0,0,0.0
2018-06-21,17,2176,28.4,43,0.0,0,0.0
2018-06-21,18,3418,27.8,43,0.0,0,0.0
2018-06-21,19,2811,26.9,42,0.0,0,0.0
2018-06-21,20,2556,25.1,55,0.0,0,0.0
2018-06-21,21,2436,23.8,63,0.0,0,0.0
2018-06-21,22,2179,22.8,67,0.0,0,0.0
2018-06-21,23,1497,21.9,59,0.0,0,0.0
2018-06-22,0,1137,20.7,67,0.0,0,0.0
2018-06-22,1,912,20.2,75,0.0,0,0.0
2018-06-22,2,602,19.8,80,0.0,0,0.0
2018-06-22,3,413,19.3,85,0.0,0,0.0
2018-06-22,4,268,19.1,86,0.0,0,0.0
2018-06-22,5,336,18.6,85,0.0,0,0.0
2018-06-22,6,710,18.2,83,0.0,0,0.0
2018-06-22,7,1529,18.8,66,0.0,0,0.0
2018-06-22,8,2283,21.9,58,0.0,0,0.0
2018-06-22,9,1284,24.2,47,0.0,0,0.0
2018-06-22,10,902,26.3,34,0.0,0,0.0
2018-06-22,11,1020,28.1,35,0.0,0,0.0
2018-06-22,12,1116,29.8,28,0.0,0,0.0
2018-06-22,13,1073,30.6,26,0.0,0,0.0
2018-06-22,14,1087,31.6,25,0.0,0,0.0
2018-06-22,15,1203,31.9,23,0.0,0,0.0
2018-06-22,16,1466,30.8,31,0.0,0,0.0
2018-06-22,17,2146,30.4,28,0.0,0,0.0
2018-06-22,18,3365,29.3,27,0.0,0,0.0
2018-06-22,19,2732,27.1,32,0.0,0,0.0
2018-06-22,20,2493,25.4,31,0.0,0,0.0
2018-06-22,21,2251,24.2,32,0.0,0,0.0
2018-06-22,22,2103,23.3,32,0.0,0,0.0
2018-06-22,23,1648,22.9,34,0.0,0,0.0
2018-06-23,0,1322,22.7,36,0.0,1,0.0
2018-06-23,1,1073,22.5,39,0.0,1,0.0
2018-06-23,2,818,22.3,37,0.0,1,0.0
2018-06-23,3,540,22.0,42,0.0,1,0.0
2018-06-23,4,375,21.6,47,0.0,1,0.0
2018-06-23,5,339,21.1,48,0.0,1,0.0
2018-06-23,6,417,21.0,48,0.0,1,0.0
2018-06-23,7,622,21.3,44,0.0,1,0.0
2018-06-23,8,934,22.6,42,0.0,1,0.0
2018-06-23,9,1072,24.3,37,0.0,1,0.0
2018-06-23,10,1064,25.8,35,0.0,1,0.0
2018-06-23,11,1229,27.5,31,0.0,1,0.0
2018-06-23,12,1374,28.4,31,0.0,1,0.0
2018-06-23,13,1483,27.9,41,0.0,1,0.0
2018-06-23,14,1445,28.0,46,0.0,1,0.0
2018-06-23,15,1589,28.4,43,0.0,1,0.0
2018-06-23,16,1837,28.3,48,0.0,1,0.0
2018-06-23,17,2101,28.1,49,0.0,1,0.0
2018-06-23,18,2256,26.3,55,0.0,1,0.0
2018-06-23,19,2288,25.7,59,0.0,1,0.0
2018-06-23,20,2262,24.6,65,0.0,1,0.0
2018-06-23,21,2175,23.8,68,0.0,1,0.0
2018-06-23,22,1932,23.0,74,0.0,1,0.0
2018-06-23,23,1402,22.5,77,0.0,1,0.0
2018-06-24,0,849,22.0,81,0.0,1,0.0
2018-06-24,1,545,21.5,83,0.0,1,0.0
2018-06-24,2,1254,20.9,87,0.0,1,0.0
2018-06-24,3,644,20.6,91,0.0,1,0.0
2018-06-24,4,286,20.5,90,0.0,1,0.0
2018-06-24,5,235,20.3,87,0.0,1,0.0
2018-06-24,6,258,20.2,87,0.0,1,0.0
2018-06-24,7,369,20.5,82,0.0,1,0.0
2018-06-24,8,561,21.3,78,0.0,1,0.0
2018-06-24,9,734,23.1,68,0.0,1,0.0
2018-06-24,10,763,25.0,60,0.0,1,0.0
2018-06-24,11,870,27.1,52,0.0,1,0.0
2018-06-24,12,1042,28.9,40,0.0,1,0.0
2018-06-24,13,1062,30.6,31,0.0,1,0.0
2018-06-24,14,1064,31.6,34,0.0,1,0.0
2018-06-24,15,1213,31.8,31,0.0,1,0.0
2018-06-24,16,1471,31.3,32,0.0,1,0.0
2018-06-24,17,1754,30.9,34,0.0,1,0.0
2018-06-24,18,2094,29.8,35,0.0,1,0.0
2018-06-24,19,2290,27.8,41,0.0,1,0.0
2018-06-24,20,2387,26.1,49,0.0,1,0.0
2018-06-24,21,2153,24.5,71,0.0,1,0.0
2018-06-24,22,1801,23.9,72,0.0,1,0.0
2018-06-24,23,1329,23.3,75,0.0,1,0.0
2018-06-25,0,962,22.9,79,0.0,0,0.0
2018-06-25,1,585,22.5,80,0.0,0,0.0
2018-06-25,2,424,22.3,80,0.0,0,0.0
2018-06-25,3,264,22.0,83,0.0,0,0.0
2018-06-25,4,199,21.8,82,0.0,0,0.0
2018-06-25,5,338,21.5,84,0.0,0,0.0
2018-06-25,6,785,21.3,81,0.0,0,0.0
2018-06-25,7,1620,22.1,74,0.0,0,0.0
2018-06-25,8,2331,23.8,66,0.0,0,0.0
2018-06-25,9,1293,25.4,61,0.0,0,0.0
2018-06-25,10,878,26.4,55,0.0,0,0.0
2018-06-25,11,968,27.8,46,0.0,0,0.0
2018-06-25,12,1039,29.8,42,0.0,0,0.0
2018-06-25,13,1073,31.2,36,0.0,0,0.0
2018-06-25,14,1016,32.3,35,0.0,0,0.0
2018-06-25,15,1184,32.7,31,0.0,0,0.0
2018-06-25,16,1407,32.2,39,0.0,0,0.0
2018-06-25,17,2008,31.5,42,0.0,0,0.0
2018-06-25,18,3238,30.7,43,0.0,0,0.0
2018-06-25,19,2779,29.8,45,0.0,0,0.0
2018-06-25,20,2456,28.8,54,0.0,0,0.0
2018-06-25,21,2372,27.9,55,0.0,0,0.0
2018-06-25,22,2046,27.4,55,0.0,0,0.0
2018-06-25,23,1437,27.2,55,0.0,0,0.0
2018-06-26,0,1052,26.9,61,0.0,0,0.0
2018-06-26,1,783,26.7,50,0.0,0,0.0
2018-06-26,2,524,26.1,51,0.0,0,0.0
2018-06-26,3,353,25.4,50,0.0,0,0.0
2018-06-26,4,143,24.7,49,0.0,0,0.0
2018-06-26,5,45,23.7,64,0.1,0,0.095
2018-06-26,6,37,22.5,83,0.4,0,0.336
2018-06-26,7,49,21.2,87,1.5,0,0.916
2018-06-26,8,53,20.8,94,3.5,0,1.504
2018-06-26,9,19,20.3,96,6.5,0,2.015
2018-06-26,10,9,20.3,97,9.5,0,2.351
2018-06-26,11,11,20.4,97,16.0,0,2.833
2018-06-26,12,10,20.5,97,5.0,0,1.792
2018-06-26,13,24,20.5,97,14.5,0,2.741
2018-06-26,14,26,21.0,97,2.5,0,1.253
2018-06-26,15,65,21.5,97,4.5,0,1.705
2018-06-26,16,56,23.3,96,1.0,0,0.693
2018-06-26,17,113,24.0,95,2.0,0,1.099
2018-06-26,18,156,24.1,95,1.0,0,0.693
2018-06-26,19,203,24.2,94,1.5,0,0.916
2018-06-26,20,199,24.1,94,0.5,0,0.405
2018-06-26,21,275,23.5,94,1.5,0,0.916
2018-06-26,22,443,22.4,95,0.0,0,0.0
2018-06-26,23,552,21.6,89,0.0,0,0.0
2018-06-27,0,513,20.5,94,0.0,0,0.0
2018-06-27,1,254,20.0,96,0.1,0,0.095
2018-06-27,2,164,19.6,97,0.4,0,0.336
2018-06-27,3,152,19.4,97,0.0,0,0.0
2018-06-27,4,110,19.2,97,0.5,0,0.405
2018-06-27,5,162,19.1,97,0.0,0,0.0
2018-06-27,6,417,19.2,97,0.0,0,0.0
2018-06-27,7,1084,19.3,98,0.0,0,0.0
2018-06-27,8,1995,19.7,97,0.0,0,0.0
2018-06-27,9,1238,20.0,96,0.0,0,0.0
2018-06-27,10,862,21.4,85,0.0,0,0.0
2018-06-27,11,1015,23.4,73,0.0,0,0.0
2018-06-27,12,1145,24.1,73,0.0,0,0.0
2018-06-27,13,1234,24.9,69,0.0,0,0.0
2018-06-27,14,1243,24.7,72,0.0,0,0.0
2018-06-27,15,1362,25.5,68,0.0,0,0.0
2018-06-27,16,1618,25.0,74,0.0,0,0.0
2018-06-27,17,2115,25.1,70,0.0,0,0.0
2018-06-27,18,3172,25.0,69,0.0,0,0.0
2018-06-27,19,2487,24.9,70,0.0,0,0.0
2018-06-27,20,2274,24.2,72,0.0,0,0.0
2018-06-27,21,2200,23.3,71,0.0,0,0.0
2018-06-27,22,1959,22.7,77,0.0,0,0.0
2018-06-27,23,980,22.3,83,0.0,0,0.0
2018-06-28,0,561,22.2,84,0.0,0,0.0
2018-06-28,1,1068,22.2,84,0.0,0,0.0
2018-06-28,2,652,22.4,84,0.0,0,0.0
2018-06-28,3,344,22.4,86,0.0,0,0.0
2018-06-28,4,233,22.3,88,0.0,0,0.0
2018-06-28,5,266,22.1,93,0.0,0,0.0
2018-06-28,6,594,22.0,90,0.1,0,0.095
2018-06-28,7,1391,22.7,81,0.0,0,0.0
2018-06-28,8,2288,24.2,73,0.0,0,0.0
2018-06-28,9,1246,24.8,75,0.0,0,0.0
2018-06-28,10,826,25.3,70,0.0,0,0.0
2018-06-28,11,938,26.5,64,0.0,0,0.0
2018-06-28,12,1158,27.0,68,0.0,0,0.0
2018-06-28,13,1040,27.2,68,0.0,0,0.0
2018-06-28,14,1030,27.1,72,0.0,0,0.0
2018-06-28,15,1209,26.4,76,0.0,0,0.0
2018-06-28,16,766,25.2,81,0.0,0,0.0
2018-06-28,17,65,22.2,92,4.9,0,1.775
2018-06-28,18,596,20.6,97,21.5,0,3.114
2018-06-28,19,944,20.9,97,0.0,0,0.0
2018-06-28,20,1039,21.0,96,0.0,0,0.0
2018-06-28,21,1223,21.3,94,0.0,0,0.0
2018-06-28,22,1239,21.6,94,0.0,0,0.0
2018-06-28,23,931,21.7,96,0.0,0,0.0
2018-06-29,0,470,21.9,95,0.0,0,0.0
2018-06-29,1,460,22.0,96,0.1,0,0.095
2018-06-29,2,345,22.2,96,0.2,0,0.182
2018-06-29,3,227,22.3,96,0.1,0,0.095
2018-06-29,4,123,22.3,96,0.1,0,0.095
2018-06-29,5,133,22.1,97,1.5,0,0.916
2018-06-29,6,308,21.9,97,4.5,0,1.705
2018-06-29,7,883,22.0,97,0.0,0,0.0
2018-06-29,8,2028,22.2,95,0.0,0,0.0
2018-06-29,9,1195,22.9,86,0.0,0,0.0
2018-06-29,10,913,24.4,76,0.0,0,0.0
2018-06-29,11,956,24.8,74,0.0,0,0.0
2018-06-29,12,1168,26.1,67,0.0,0,0.0
2018-06-29,13,1117,26.8,65,0.0,0,0.0
2018-06-29,14,1175,27.8,57,0.0,0,0.0
2018-06-29,15,1209,28.4,63,0.0,0,0.0
2018-06-29,16,1554,29.0,57,0.0,0,0.0
2018-06-29,17,2099,28.5,60,0.0,0,0.0
2018-06-29,18,3113,28.1,60,0.0,0,0.0
2018-06-29,19,2602,27.1,64,0.0,0,0.0
2018-06-29,20,2339,26.2,70,0.0,0,0.0
2018-06-29,21,2225,25.2,75,0.0,0,0.0
2018-06-29,22,2103,24.2,80,0.0,0,0.0
2018-06-29,23,1552,23.5,83,0.0,0,0.0
2018-06-30,0,1275,23.0,84,0.0,1,0.0
2018-06-30,1,1070,22.6,85,0.0,1,0.0
2018-06-30,2,859,22.2,88,0.0,1,0.0
2018-06-30,3,625,21.9,88,0.0,1,0.0
2018-06-30,4,382,21.7,93,0.0,1,0.0
2018-06-30,5,247,21.7,88,0.0,1,0.0
2018-06-30,6,310,22.1,85,0.1,1,0.095
2018-06-30,7,468,22.5,86,0.0,1,0.0
2018-06-30,8,825,23.4,81,0.0,1,0.0
2018-06-30,9,862,24.2,81,0.0,1,0.0
2018-06-30,10,933,25.1,73,0.0,1,0.0
2018-06-30,11,871,26.4,71,0.0,1,0.0
2018-06-30,12,858,25.2,94,6.4,1,2.001
2018-06-30,13,1144,25.6,87,3.5,1,1.504
2018-06-30,14,1235,27.5,69,0.0,1,0.0
2018-06-30,15,1311,27.8,71,0.0,1,0.0
2018-06-30,16,1317,27.9,69,0.0,1,0.0
2018-06-30,17,1291,27.4,75,0.0,1,0.0
2018-06-30,18,306,27.5,79,0.5,1,0.405
2018-06-30,19,481,24.3,95,4.0,1,1.609
2018-06-30,20,778,24.2,88,0.0,1,0.0
2018-06-30,21,1005,23.9,84,0.0,1,0.0
2018-06-30,22,1107,23.4,88,0.0,1,0.0
2018-06-30,23,919,22.9,92,0.0,1,0.0
